377,62.8333333333,1.23606557377,1
294,29.4,0.993243243243,0
142,14.2,0.594142259414,0
143,20.4285714286,0.590909090909,1
165,16.5,0.6875,0
102,51.0,0.864406779661,1
125,12.5,0.555555555556,0
126,21.0,0.681081081081,1
286,28.6,0.91961414791,1
176,17.6,0.63309352518,0
288,48.0,0.932038834951,1
172,17.2,0.839024390244,0
183,30.5,0.933673469388,0
137,45.6666666667,1.22321428571,1
383,63.8333333333,1.25573770492,1
326,32.6,1.1897810219,0
329,54.8333333333,1.0578778135,0
330,82.5,1.1301369863,1
372,62.0,1.21172638436,1
231,28.875,0.75,0
200,22.2222222222,0.647249190939,0
206,51.5,0.754578754579,1
235,33.5714285714,0.741324921136,1
215,21.5,0.698051948052,0
401,133.666666667,1.31045751634,1
248,24.8,0.921933085502,0
250,25.0,0.844594594595,1
165,16.5,0.555555555556,0
358,59.6666666667,1.15857605178,1
261,29.0,0.852941176471,0
197,19.7,0.654485049834,0
202,50.5,0.687074829932,1
133,13.3,0.62441314554,0
134,26.8,0.687179487179,1
130,13.0,0.817610062893,0
133,44.3333333333,1.4,1
205,20.5,0.667752442997,0
208,52.0,0.767527675277,1
285,35.625,0.925324675325,0
289,96.3333333333,1.12451361868,1
221,36.8333333333,0.690625,0
222,111.0,0.853846153846,1
273,30.3333333333,0.886363636364,1
128,14.2222222222,0.579185520362,0
177,17.7,0.653136531365,0
179,59.6666666667,0.742738589212,1
247,24.7,0.823333333333,1
207,20.7,0.723776223776,0
341,42.625,1.12171052632,1
172,17.2,0.693548387097,0
299,37.375,0.955271565495,1
264,29.3333333333,0.85993485342,0
236,33.7142857143,0.753993610224,1
231,23.1,0.75737704918,0
139,13.9,0.551587301587,0
140,140.0,0.921052631579,1
155,15.5,0.589353612167,0
157,52.3333333333,0.902298850575,1
310,44.2857142857,1.00977198697,1
160,16.0,0.666666666667,0
203,22.5555555556,0.659090909091,1
153,15.3,0.6,0
253,31.625,0.826797385621,1
233,23.3,0.869402985075,0
300,33.3333333333,0.958466453674,1
293,36.625,0.963815789474,0
267,33.375,0.864077669903,0
268,38.2857142857,0.890365448505,1
300,37.5,0.955414012739,1
268,26.8,0.89932885906,0
260,43.3333333333,0.846905537459,0
261,32.625,0.884745762712,1
285,40.7142857143,0.916398713826,1
141,14.1,0.509025270758,0
290,41.4285714286,0.929487179487,0
291,58.2,0.97,1
234,33.4285714286,0.757281553398,0
218,31.1428571429,0.858267716535,1
262,37.4285714286,0.831746031746,1
186,26.5714285714,0.601941747573,0
196,19.6,0.8,1
157,15.7,0.659663865546,0
268,29.7777777778,0.87868852459,1
227,22.7,0.785467128028,0
180,18.0,0.722891566265,1
167,16.7,0.698744769874,0
284,71.0,0.922077922078,0
287,35.875,0.940983606557,1
119,13.2222222222,0.526548672566,0
121,30.25,0.59900990099,1
336,48.0,1.04347826087,1
177,17.7,0.584158415842,0
210,21.0,0.742049469965,0
213,71.0,0.869387755102,1
207,20.7,0.741935483871,0
208,52.0,0.748201438849,1
206,20.6,0.677631578947,0
208,34.6666666667,0.693333333333,1
247,24.7,0.804560260586,0
248,82.6666666667,0.858131487889,1
271,45.1666666667,0.894389438944,0
274,137.0,0.992753623188,1
275,39.2857142857,0.88996763754,1
260,26.0,0.890410958904,0
228,32.5714285714,0.75,0
230,57.5,0.836363636364,1
279,31.0,0.894230769231,0
283,56.6,0.940199335548,1
217,31.0,0.697749196141,0
218,54.5,0.798534798535,1
198,19.8,0.722627737226,0
199,33.1666666667,0.674576271186,1
302,43.1428571429,0.971061093248,1
238,26.4444444444,0.790697674419,0
159,15.9,0.586715867159,0
163,23.2857142857,0.594890510949,1
248,27.5555555556,0.81045751634,0
154,38.5,0.836956521739,1
230,23.0,0.793103448276,0
231,57.75,0.995689655172,1
175,17.5,0.735294117647,0
179,59.6666666667,0.781659388646,1
274,34.25,0.88961038961,0
275,68.75,1.02230483271,1
240,40.0,0.776699029126,1
113,11.3,0.525581395349,0
336,37.3333333333,1.08387096774,1
190,19.0,0.703703703704,0
179,17.9,0.61724137931,0
181,30.1666666667,0.773504273504,1
295,36.875,0.957792207792,1
206,20.6,0.837398373984,0
286,57.2,0.922580645161,0
288,57.6,0.953642384106,1
182,18.2,0.592833876221,1
160,16.0,0.557491289199,0
231,25.6666666667,0.764900662252,1
230,23.0,0.741935483871,0
373,46.625,1.2071197411,1
171,17.1,0.640449438202,0
307,76.75,0.996753246753,1
179,17.9,0.662962962963,0
413,82.6,1.28260869565,1
156,15.6,0.577777777778,0
168,16.8,0.702928870293,0
171,28.5,0.638059701493,1
221,27.625,0.724590163934,1
172,17.2,0.659003831418,0
185,18.5,0.682656826568,0
186,37.2,0.812227074236,1
254,36.2857142857,0.822006472492,0
255,85.0,0.984555984556,1
274,45.6666666667,1.09163346614,1
250,27.7777777778,0.984251968504,0
132,13.2,0.56170212766,0
133,26.6,0.782352941176,1
239,23.9,0.878676470588,0
243,81.0,0.934615384615,1
230,23.0,0.771812080537,1
184,18.4,0.657142857143,0
260,43.3333333333,0.852459016393,1
244,24.4,0.850174216028,0
242,24.2,0.801324503311,0
243,81.0,0.920454545455,1
168,16.8,0.538461538462,0
173,173.0,0.670542635659,1
318,45.4285714286,0.99375,1
285,28.5,0.959595959596,0
209,23.2222222222,0.683006535948,0
210,70.0,0.889830508475,1
189,21.0,0.663157894737,0
191,47.75,0.816239316239,1
286,47.6666666667,0.928571428571,1
246,24.6,0.851211072664,0
289,48.1666666667,0.950657894737,1
228,22.8,0.860377358491,0
315,45.0,1.0396039604,1
227,22.7,0.834558823529,0
234,26.0,0.769736842105,0
229,57.25,0.857677902622,1
308,38.5,1.01650165017,0
310,77.5,1.07266435986,1
282,47.0,0.933774834437,1
168,16.8,0.8,0
222,22.2,0.760273972603,0
223,74.3333333333,0.864341085271,1
183,18.3,0.60396039604,1
182,18.2,0.631944444444,0
350,58.3333333333,1.14379084967,0
351,87.75,1.15081967213,1
248,24.8,0.82119205298,0
249,35.5714285714,0.827242524917,1
177,17.7,0.632142857143,1
119,11.9,0.510729613734,0
317,45.2857142857,1.0325732899,1
299,29.9,0.977124183007,0
220,22.0,0.771929824561,0
221,73.6666666667,0.815498154982,1
303,60.6,0.952830188679,1
190,19.0,0.695970695971,0
280,40.0,0.945945945946,1
215,21.5,0.790441176471,0
176,17.6,0.63082437276,0
177,29.5,0.696850393701,1
215,21.5,0.704918032787,0
217,43.4,0.809701492537,1
213,26.625,0.691558441558,1
89,8.9,0.566878980892,0
107,10.7,0.383512544803,0
113,113.0,1.29885057471,1
193,27.5714285714,0.630718954248,0
196,39.2,0.655518394649,1
233,29.125,0.761437908497,0
234,39.0,0.829787234043,1
393,65.5,1.28013029316,1
250,25.0,1.32275132275,0
227,22.7,0.749174917492,0
228,57.0,0.863636363636,1
324,46.2857142857,1.07284768212,1
274,34.25,0.88961038961,0
272,38.8571428571,0.894736842105,1
141,14.1,0.694581280788,0
184,18.4,0.678966789668,1
138,13.8,0.511111111111,0
327,54.5,1.05483870968,1
188,18.8,0.776859504132,0
169,16.9,1.15753424658,1
159,19.875,1.04605263158,0
328,54.6666666667,1.08609271523,1
195,19.5,0.65,0
331,47.2857142857,1.071197411,1
305,30.5,0.99025974026,0
239,29.875,0.786184210526,0
243,27.0,0.874100719424,1
317,63.4,1.04276315789,1
260,26.0,0.935251798561,0
351,87.75,1.15081967213,1
210,21.0,0.843373493976,0
167,16.7,0.759090909091,0
168,42.0,0.879581151832,1
249,27.6666666667,0.811074918567,1
161,16.1,0.77033492823,0
131,16.375,0.664974619289,0
131,43.6666666667,0.775147928994,1
116,11.6,0.56862745098,0
117,29.25,0.75974025974,1
191,19.1,0.622149837134,0
192,38.4,0.642140468227,1
217,31.0,0.693290734824,0
218,54.5,0.81954887218,1
242,34.5714285714,0.801324503311,0
213,35.5,0.938325991189,1
316,39.5,1.0,1
259,25.9,0.877966101695,0
104,17.3333333333,0.748201438849,0
106,106.0,1.27710843373,1
205,20.5,0.676567656766,1
178,17.8,0.652014652015,0
304,38.0,1.01333333333,1
232,23.2,0.765676567657,0
414,59.1428571429,1.32268370607,1
411,51.375,1.30891719745,0
230,46.0,0.759075907591,1
131,13.1,0.481617647059,0
211,23.4444444444,0.67845659164,0
212,42.4,0.736111111111,1
295,59.0,0.960912052117,1
250,41.6666666667,0.811688311688,0
270,38.5714285714,0.882352941176,1
252,42.0,0.818181818182,0
191,19.1,0.767068273092,0
192,64.0,0.831168831169,1
246,35.1428571429,0.806557377049,0
247,61.75,0.828859060403,1
275,34.375,0.913621262458,0
281,35.125,0.942953020134,1
301,43.0,0.990131578947,0
302,43.1428571429,1.01342281879,1
321,35.6666666667,0.990740740741,0
322,53.6666666667,1.01898734177,1
209,20.9,0.678571428571,1
143,14.3,0.576612903226,0
184,26.2857142857,0.607260726073,1
77,19.25,0.432584269663,0
272,45.3333333333,0.888888888889,0
273,39.0,0.883495145631,1
272,34.0,0.897689768977,1
206,20.6,0.751824817518,0
223,31.8571428571,0.738410596026,1
167,16.7,0.627819548872,0
293,41.8571428571,0.96699669967,0
297,99.0,1.02413793103,1
267,26.7,0.884105960265,0
271,38.7142857143,0.882736156352,1
265,37.8571428571,0.868852459016,0
266,44.3333333333,0.953405017921,1
232,23.2,0.781144781145,1
208,20.8,0.677524429967,0
235,29.375,0.741324921136,0
239,47.8,0.810169491525,1
197,19.7,0.652317880795,0
201,100.5,0.733576642336,1
234,39.0,0.769736842105,1
224,24.8888888889,0.717948717949,0
171,17.1,0.610714285714,1
165,16.5,0.570934256055,0
292,48.6666666667,0.941935483871,1
132,13.2,0.683937823834,0
274,45.6666666667,0.88961038961,0
277,69.25,0.935810810811,1
330,41.25,1.05769230769,1
115,11.5,0.608465608466,0
209,20.9,0.81007751938,0
211,70.3333333333,0.925438596491,1
282,31.3333333333,0.921568627451,1
210,21.0,0.731707317073,0
274,34.25,0.886731391586,1
244,30.5,0.802631578947,0
279,34.875,0.911764705882,1
147,14.7,0.68691588785,0
170,17.0,0.59649122807,0
172,86.0,0.707818930041,1
238,23.8,0.788079470199,1
229,22.9,0.750819672131,0
408,81.6,1.30769230769,1
151,15.1,0.747524752475,0
290,32.2222222222,0.932475884244,1
148,14.8,0.654867256637,0
211,21.1,0.737762237762,0
212,70.6666666667,1.00473933649,1
185,18.5,0.703422053232,0
186,93.0,0.885714285714,1
328,46.8571428571,1.07189542484,1
233,23.3,0.809027777778,0
305,50.8333333333,1.00993377483,1
246,24.6,0.888086642599,0
368,92.0,1.21452145215,1
203,20.3,0.882608695652,0
233,25.8888888889,0.751612903226,1
219,21.9,0.768421052632,0
242,30.25,1.10502283105,0
236,47.2,1.13461538462,1
303,37.875,0.990196078431,1
239,23.9,0.818493150685,0
283,56.6,0.93399339934,1
188,18.8,0.673835125448,0
58,5.8,0.504347826087,0
59,59.0,0.766233766234,1
299,37.375,0.958333333333,1
225,22.5,0.767918088737,0
203,20.3,0.659090909091,0
199,99.5,0.750943396226,1
298,59.6,0.980263157895,1
258,36.8571428571,0.834951456311,0
279,46.5,0.891373801917,1
228,32.5714285714,0.735483870968,0
212,21.2,0.699669966997,0
213,30.4285714286,0.714765100671,1
287,47.8333333333,0.931818181818,1
253,25.3,0.910071942446,0
193,24.125,0.628664495114,0
197,28.1428571429,0.623417721519,1
300,37.5,0.961538461538,0
301,33.4444444444,0.980456026059,1
188,18.8,0.648275862069,0
191,63.6666666667,1.42537313433,1
336,84.0,1.09090909091,0
340,68.0,1.13333333333,1
255,42.5,0.806962025316,1
236,23.6,0.781456953642,0
147,14.7,0.777777777778,0
151,30.2,1.03424657534,1
229,32.7142857143,0.736334405145,0
230,25.5555555556,0.790378006873,1
200,22.2222222222,0.657894736842,0
201,201.0,1.01515151515,1
229,28.625,1.15075376884,1
121,12.1,0.711764705882,0
184,18.4,0.621621621622,0
186,31.0,0.738095238095,1
239,39.8333333333,0.778501628664,0
240,80.0,0.995850622407,1
245,24.5,0.856643356643,0
248,62.0,0.861111111111,1
148,21.1428571429,0.795698924731,0
152,38.0,0.804232804233,1
312,39.0,0.996805111821,0
313,52.1666666667,1.03300330033,1
190,21.1111111111,0.610932475884,0
136,136.0,0.918918918919,1
330,47.1428571429,1.07491856678,0
331,82.75,1.09240924092,1
277,39.5714285714,0.908196721311,1
266,29.5555555556,0.858064516129,0
260,52.0,0.855263157895,1
256,32.0,0.817891373802,0
229,25.4444444444,0.729299363057,0
230,28.75,0.764119601329,1
309,51.5,1.00651465798,0
312,312.0,1.08710801394,1
265,26.5,0.866013071895,0
267,66.75,0.861290322581,1
206,20.6,0.677631578947,0
212,212.0,1.13978494624,1
263,29.2222222222,0.86798679868,0
266,53.2,0.904761904762,1
115,11.5,0.47520661157,0
116,116.0,0.95867768595,1
274,27.4,0.898360655738,0
275,55.0,0.929054054054,1
217,24.1111111111,0.702265372168,0
219,31.2857142857,0.916317991632,1
182,18.2,0.654676258993,0
186,62.0,0.87323943662,1
209,29.8571428571,0.672025723473,0
210,52.5,0.823529411765,1
199,19.9,0.658940397351,0
203,203.0,0.953051643192,1
223,24.7777777778,0.712460063898,0
225,25.0,0.737704918033,1
250,41.6666666667,0.816993464052,0
118,39.3333333333,0.825174825175,1
292,32.4444444444,0.954248366013,1
238,23.8,0.817869415808,0
270,54.0,0.873786407767,1
242,26.8888888889,0.793442622951,0
204,25.5,0.668852459016,1
140,14.0,0.710659898477,0
234,39.0,0.764705882353,1
164,16.4,0.658634538153,0
275,68.75,0.895765472313,1
255,25.5,0.827922077922,0
205,34.1666666667,0.669934640523,0
206,25.75,0.671009771987,1
294,29.4,0.945337620579,0
297,74.25,0.993311036789,1
387,77.4,1.24838709677,1
229,22.9,0.995652173913,0
228,22.8,0.814285714286,0
229,57.25,0.823741007194,1
262,43.6666666667,0.845161290323,1
73,7.3,0.450617283951,0
216,30.8571428571,0.715231788079,1
119,11.9,0.536036036036,0
303,50.5,0.990196078431,0
304,101.333333333,1.0,1
418,83.6,1.35714285714,1
247,61.75,0.799352750809,0
363,72.6,1.17475728155,1
216,21.6,0.847058823529,0
227,22.7,0.732258064516,0
228,38.0,0.78892733564,1
157,15.7,0.56678700361,0
158,19.75,0.526666666667,1
248,24.8,0.815789473684,0
252,63.0,0.871972318339,1
251,35.8571428571,0.812297734628,1
183,18.3,0.667883211679,0
349,49.8571428571,1.11858974359,0
350,116.666666667,1.31086142322,1
321,64.2,1.02555910543,1
175,17.5,0.795454545455,0
252,42.0,0.812903225806,0
255,28.3333333333,0.825242718447,1
268,38.2857142857,0.87868852459,1
151,15.1,0.677130044843,0
269,38.4285714286,0.870550161812,0
274,68.5,1.04980842912,1
154,17.1111111111,0.633744855967,0
163,32.6,0.702586206897,1
256,28.4444444444,0.828478964401,1
241,24.1,0.787581699346,0
244,34.8571428571,0.784565916399,0
250,35.7142857143,0.877192982456,1
188,31.3333333333,0.921568627451,0
200,66.6666666667,1.04166666667,1
247,49.4,0.817880794702,1
215,21.5,0.721476510067,0
271,45.1666666667,0.885620915033,1
213,21.3,0.739583333333,0
231,23.1,0.77,1
226,22.6,0.743421052632,0
240,26.6666666667,0.769230769231,1
206,20.6,0.710344827586,0
309,103.0,1.00324675325,1
216,21.6,0.710526315789,0
262,32.75,0.847896440129,0
266,29.5555555556,0.869281045752,1
151,21.5714285714,0.626556016598,0
164,54.6666666667,0.766355140187,1
251,35.8571428571,0.809677419355,0
252,63.0,0.890459363958,1
329,47.0,1.04113924051,1
320,40.0,1.01265822785,0
321,53.5,0.993808049536,1
78,7.8,0.516556291391,0
162,16.2,0.58064516129,0
167,55.6666666667,0.965317919075,1
170,17.0,0.69387755102,0
171,85.5,1.03636363636,1
399,44.3333333333,1.29126213592,1
250,50.0,1.2315270936,0
173,17.3,0.660305343511,0
177,59.0,0.713709677419,1
180,20.0,0.592105263158,0
162,32.4,0.689361702128,1
296,49.3333333333,0.967320261438,1
284,28.4,0.956228956229,0
315,45.0,1.01612903226,1
277,27.7,0.968531468531,0
294,42.0,0.96393442623,1
274,27.4,0.968197879859,0
253,42.1666666667,0.824104234528,1
160,17.7777777778,0.683760683761,0
253,42.1666666667,0.821428571429,1
124,12.4,0.523206751055,0
223,24.7777777778,0.714743589744,1
104,20.8,0.8,0
350,58.3333333333,1.13268608414,1
152,15.2,0.625514403292,0
123,12.3,0.594202898551,0
125,62.5,1.60256410256,1
112,11.2,0.416356877323,0
113,113.0,0.896825396825,1
331,55.1666666667,1.06430868167,1
233,23.3,0.809027777778,0
207,20.7,0.699324324324,0
210,42.0,0.747330960854,1
146,14.6,0.540740740741,0
147,24.5,0.880239520958,1
201,25.125,0.78515625,1
117,14.625,0.823943661972,0
236,26.2222222222,0.768729641694,1
234,29.25,0.764705882353,0
265,44.1666666667,0.874587458746,0
266,44.3333333333,1.22018348624,1
219,21.9,0.732441471572,0
222,55.5,0.74,1
245,24.5,0.827702702703,0
249,41.5,0.841216216216,1
170,17.0,0.598591549296,0
171,42.75,0.799065420561,1
216,43.2,1.09090909091,1
151,15.1,0.825136612022,0
193,19.3,0.608832807571,0
171,171.0,0.791666666667,1
241,26.7777777778,0.779935275081,1
221,22.1,0.724590163934,0
283,70.75,2.2109375,1
124,24.8,0.96875,0
265,29.4444444444,0.852090032154,1
153,15.3,0.705069124424,0
225,37.5,0.732899022801,0
228,228.0,0.873563218391,1
279,34.875,0.914754098361,1
252,25.2,0.84,0
272,68.0,0.880258899676,0
276,39.4285714286,0.916943521595,1
220,22.0,0.723684210526,0
223,74.3333333333,0.761092150171,1
138,138.0,0.965034965035,0
203,33.8333333333,1.43971631206,1
334,55.6666666667,1.09150326797,1
131,14.5555555556,0.532520325203,0
275,39.2857142857,0.985663082437,0
277,46.1666666667,1.01838235294,1
258,25.8,0.851485148515,0
259,37.0,0.866220735786,1
259,32.375,0.830128205128,0
261,43.5,0.887755102041,1
105,10.5,0.664556962025,1
58,5.8,0.517857142857,0
117,11.7,0.515418502203,0
118,59.0,0.842857142857,1
309,61.8,0.996774193548,1
240,24.0,0.85409252669,0
118,11.8,0.459143968872,0
120,30.0,0.697674418605,1
332,41.5,1.08496732026,1
174,17.4,0.737288135593,0
230,28.75,0.739549839228,0
233,46.6,0.811846689895,1
268,38.2857142857,0.87868852459,0
269,67.25,0.943859649123,1
271,33.875,0.888524590164,0
272,38.8571428571,0.891803278689,1
205,22.7777777778,0.667752442997,1
167,16.7,0.588028169014,0
125,12.5,0.435540069686,0
129,129.0,1.02380952381,1
318,39.75,1.03921568627,0
322,80.5,1.08053691275,1
231,23.1,0.77,1
215,21.5,0.721476510067,0
308,38.5,1.00325732899,0
309,103.0,1.00980392157,1
214,23.7777777778,0.690322580645,0
217,36.1666666667,0.794871794872,1
203,20.3,0.672185430464,0
207,51.75,0.844897959184,1
304,50.6666666667,0.958990536278,1
161,16.1,0.69696969697,0
132,13.2,0.44,0
133,19.0,0.507633587786,1
234,23.4,0.782608695652,0
236,39.3333333333,0.789297658863,1
70,7.0,0.469798657718,0
71,71.0,1.22413793103,1
249,27.6666666667,0.805825242718,0
252,252.0,0.950943396226,1
235,29.375,0.755627009646,0
237,118.5,0.820069204152,1
248,24.8,0.82119205298,0
254,31.75,0.830065359477,1
233,25.8888888889,0.758957654723,0
234,46.8,0.787878787879,1
178,19.7777777778,0.579804560261,0
179,25.5714285714,0.69921875,1
408,45.3333333333,1.32467532468,1
198,19.8,1.0206185567,0
268,29.7777777778,0.872964169381,1
252,25.2,0.860068259386,0
239,29.875,0.778501628664,0
242,60.5,0.855123674912,1
293,41.8571428571,0.960655737705,1
250,27.7777777778,0.809061488673,0
268,29.7777777778,0.872964169381,0
270,67.5,0.924657534247,1
317,52.8333333333,1.04620462046,1
240,24.0,0.821917808219,0
276,27.6,0.899022801303,0
280,46.6666666667,0.945945945946,1
287,31.8888888889,0.931818181818,1
149,14.9,0.623430962343,0
183,45.75,1.02808988764,1
129,12.9,0.955555555556,0
257,28.5555555556,0.788343558282,1
237,26.3333333333,0.777049180328,0
303,60.6,0.993442622951,1
216,21.6,0.712871287129,0
302,30.2,1.05964912281,0
306,43.7142857143,1.01324503311,1
235,33.5714285714,0.758064516129,0
236,26.2222222222,0.768729641694,1
149,14.9,0.656387665198,0
151,75.5,1.07092198582,1
301,37.625,0.980456026059,1
43,4.3,0.344,0
227,28.375,0.734627831715,0
228,57.0,0.767676767677,1
162,20.25,1.23664122137,1
106,10.6,1.08163265306,0
252,36.0,0.805111821086,1
104,10.4,0.55614973262,0
226,22.6,0.760942760943,1
161,16.1,0.579136690647,0
196,19.6,0.777777777778,0
198,33.0,0.788844621514,1
236,23.6,0.778877887789,1
173,17.3,0.624548736462,0
304,43.4285714286,0.983818770227,0
307,51.1666666667,1.09642857143,1
191,19.1,0.710037174721,0
192,48.0,0.803347280335,1
287,47.8333333333,0.931818181818,1
253,25.3,0.881533101045,0
77,7.7,0.452941176471,0
81,40.5,1.19117647059,1
269,26.9,0.887788778878,0
270,38.5714285714,0.9375,1
280,46.6666666667,0.924092409241,0
283,40.4285714286,0.943333333333,1
135,16.875,0.511363636364,0
135,33.75,0.63679245283,1
267,44.5,0.881188118812,1
127,12.7,0.554585152838,0
153,15.3,0.6375,0
156,156.0,0.962962962963,1
339,84.75,1.07961783439,1
277,27.7,0.926421404682,0
211,23.4444444444,0.685064935065,0
215,43.0,0.757042253521,1
280,31.1111111111,0.894568690096,1
210,21.0,0.734265734266,0
231,38.5,0.767441860465,0
232,232.0,0.859259259259,1
308,38.5,1.00653594771,1
285,40.7142857143,0.91935483871,0
274,39.1428571429,0.883870967742,1
168,16.8,0.664031620553,0
294,58.8,0.945337620579,1
249,24.9,0.879858657244,0
199,19.9,0.667785234899,0
203,50.75,0.890350877193,1
158,15.8,0.637096774194,0
152,76.0,1.01333333333,1
269,33.625,0.884868421053,0
270,45.0,0.885245901639,1
300,42.8571428571,0.958466453674,1
174,17.4,0.790909090909,0
228,25.3333333333,0.74025974026,1
226,25.1111111111,0.738562091503,0
273,68.25,1.18695652174,1
162,18.0,0.941860465116,0
269,38.4285714286,0.873376623377,1
150,15.0,0.697674418605,0
131,13.1,0.526104417671,0
132,44.0,0.80487804878,1
319,39.875,0.993769470405,1
273,27.3,0.951219512195,0
307,43.8571428571,0.996753246753,1
177,17.7,0.713709677419,0
309,61.8,1.00980392157,1
75,7.5,0.524475524476,0
153,15.3,0.602362204724,0
156,156.0,0.861878453039,1
327,40.875,1.05144694534,0
329,47.0,1.08940397351,1
172,34.4,0.960893854749,1
146,14.6,0.843930635838,0
212,21.2,0.704318936877,0
213,26.625,0.705298013245,1
148,14.8,0.488448844884,0
149,149.0,0.90303030303,1
288,36.0,0.941176470588,0
289,72.25,1.00696864111,1
208,20.8,0.705084745763,0
209,52.25,0.904761904762,1
327,46.7142857143,1.05144694534,0
328,109.333333333,1.13103448276,1
153,15.3,0.634854771784,0
156,156.0,0.923076923077,1
258,32.25,0.843137254902,0
259,129.5,0.984790874525,1
290,58.0,0.944625407166,1
212,21.2,0.818532818533,0
252,28.0,0.820846905537,0
253,63.25,0.866438356164,1
242,30.25,0.796052631579,0
246,123.0,0.878571428571,1
296,49.3333333333,0.939682539683,0
297,74.25,0.993311036789,1
316,79.0,1.01935483871,1
181,18.1,0.715415019763,0
238,39.6666666667,0.780327868852,0
239,29.875,0.788778877888,1
91,9.1,0.529069767442,0
94,23.5,0.878504672897,1
182,18.2,0.645390070922,0
185,30.8333333333,0.731225296443,1
80,8.0,0.408163265306,0
83,83.0,0.988095238095,1
249,27.6666666667,0.811074918567,1
244,40.6666666667,0.8,0
238,23.8,0.815068493151,0
239,119.5,0.859712230216,1
217,24.1111111111,0.713815789474,1
212,21.2,0.697368421053,0
341,113.666666667,1.10355987055,1
181,18.1,0.712598425197,0
206,20.6,0.730496453901,0
207,69.0,0.945205479452,1
248,27.5555555556,0.8,0
249,83.0,0.905454545455,1
306,51.0,0.971428571429,1
275,27.5,0.88996763754,0
236,23.6,0.773770491803,1
148,14.8,0.675799086758,0
221,24.5555555556,0.71986970684,0
222,24.6666666667,0.732673267327,1
299,74.75,0.955271565495,1
209,20.9,0.803846153846,0
235,23.5,0.767973856209,1
233,29.125,0.76897689769,0
246,35.1428571429,0.796116504854,1
181,18.1,0.599337748344,0
259,37.0,0.877966101695,0
263,87.6666666667,1.03137254902,1
217,21.7,0.728187919463,0
221,27.625,0.789285714286,1
163,16.3,0.665306122449,0
167,55.6666666667,0.791469194313,1
142,14.2,0.527881040892,0
146,146.0,1.23728813559,1
207,29.5714285714,0.701694915254,0
192,64.0,0.893023255814,1
189,18.9,0.667844522968,0
191,38.2,0.856502242152,1
272,30.2222222222,0.877419354839,1
235,33.5714285714,0.760517799353,0
264,33.0,0.857142857143,1
243,24.3,0.8073089701,0
289,48.1666666667,0.91746031746,1
238,23.8,0.853046594982,0
359,71.8,1.18092105263,0
362,362.0,1.34074074074,1
253,36.1428571429,0.83498349835,0
254,42.3333333333,0.875862068966,1
315,39.375,1.01941747573,1
195,19.5,0.78,0
74,7.4,0.453987730061,0
75,12.5,0.604838709677,1
250,25.0,0.816993464052,1
226,22.6,0.77133105802,0
322,53.6666666667,1.03536977492,1
219,21.9,0.771126760563,0
201,20.1,0.674496644295,0
203,22.5555555556,0.665573770492,1
234,29.25,0.767213114754,1
169,16.9,0.628252788104,0
375,125.0,1.23355263158,1
334,66.8,1.09508196721,0
280,46.6666666667,0.903225806452,0
275,34.375,0.945017182131,1
218,24.2222222222,0.703225806452,0
219,31.2857142857,0.75,1
298,33.1111111111,0.955128205128,1
297,29.7,0.976973684211,0
176,17.6,0.615384615385,0
178,29.6666666667,0.712,1
275,27.5,0.907590759076,1
231,23.1,0.775167785235,0
289,57.8,0.926282051282,0
293,58.6,0.97342192691,1
264,26.4,0.835443037975,1
240,24.0,0.786885245902,0
333,55.5,1.08116883117,0
334,41.75,1.09868421053,1
117,11.7,0.46062992126,0
117,58.5,1.28571428571,1
240,26.6666666667,0.776699029126,0
183,61.0,0.879807692308,1
276,55.2,0.896103896104,1
193,19.3,0.733840304183,0
280,70.0,0.918032786885,1
204,20.4,0.73381294964,0
290,29.0,0.97972972973,0
265,37.8571428571,0.981481481481,1
102,10.2,0.51,0
104,34.6666666667,0.904347826087,1
199,19.9,0.693379790941,0
201,67.0,0.810483870968,1
159,15.9,0.588888888889,0
160,32.0,0.571428571429,1
167,16.7,0.618518518519,1
157,15.7,0.52508361204,0
229,38.1666666667,0.753289473684,0
231,231.0,0.958506224066,1
238,29.75,0.777777777778,0
239,47.8,0.844522968198,1
122,12.2,0.580952380952,0
126,63.0,0.9,1
286,31.7777777778,0.925566343042,1
208,20.8,0.756363636364,0
174,17.4,0.651685393258,0
171,171.0,1.16326530612,1
320,40.0,1.03225806452,1
271,27.1,0.967857142857,0
256,36.5714285714,0.831168831169,0
257,128.5,0.966165413534,1
214,21.4,0.930434782609,0
225,112.5,1.0,1
288,144.0,0.950495049505,1
184,18.4,0.593548387097,0
288,48.0,0.935064935065,1
249,24.9,0.821782178218,0
257,32.125,0.837133550489,1
252,28.0,0.79746835443,0
320,40.0,1.03896103896,1
252,25.2,0.842809364548,0
198,39.6,0.649180327869,1
125,13.8888888889,0.68306010929,0
316,52.6666666667,1.03267973856,0
317,39.625,1.04620462046,1
252,25.2,0.837209302326,0
255,42.5,0.891608391608,1
263,37.5714285714,0.853896103896,1
215,21.5,0.767857142857,0
91,9.1,0.489247311828,0
93,18.6,0.588607594937,1
234,26.0,0.767213114754,0
236,33.7142857143,0.773770491803,1
296,42.2857142857,0.942675159236,1
170,17.0,0.661478599222,0
204,22.6666666667,0.668852459016,0
208,29.7142857143,0.695652173913,1
224,24.8888888889,0.711111111111,1
98,9.8,0.385826771654,0
283,31.4444444444,0.937086092715,0
192,27.4285714286,1.21518987342,1
230,23.0,0.830324909747,0
236,59.0,0.802721088435,1
239,34.1428571429,0.783606557377,0
242,48.4,0.837370242215,1
357,39.6666666667,1.12974683544,1
226,32.2857142857,0.729032258065,0
154,15.4,0.606299212598,0
157,22.4285714286,0.887005649718,1
326,65.2,1.06535947712,1
213,21.3,0.785977859779,0
318,79.5,1.03583061889,1
112,11.2,0.493392070485,0
235,26.1111111111,0.760517799353,0
236,236.0,0.911196911197,1
220,22.0,0.711974110032,1
194,19.4,0.62783171521,0
211,26.375,1.01442307692,1
126,21.0,0.818181818182,0
319,39.875,1.03571428571,1
206,29.4285714286,0.90350877193,0
123,12.3,0.474903474903,0
126,126.0,0.919708029197,1
271,38.7142857143,1.04633204633,1
277,30.7777777778,1.08203125,0
307,61.4,0.987138263666,1
193,19.3,0.742307692308,0
190,19.0,0.662020905923,1
189,18.9,0.72972972973,0
277,34.625,0.911184210526,1
142,14.2,0.614718614719,0
256,32.0,0.812698412698,1
99,9.9,0.60736196319,0
298,59.6,0.977049180328,1
209,20.9,0.800766283525,0
163,16.3,0.556313993174,1
104,10.4,0.517412935323,0
94,10.4444444444,0.712121212121,0
96,32.0,0.793388429752,1
303,37.875,0.958860759494,1
184,18.4,0.71875,0
328,46.8571428571,1.06493506494,1
270,27.0,0.891089108911,0
113,11.3,0.551219512195,0
117,117.0,1.17,1
317,52.8333333333,1.00316455696,1
292,29.2,1.00689655172,0
181,18.1,0.621993127148,0
187,62.3333333333,0.979057591623,1
245,27.2222222222,0.798045602606,1
104,10.4,0.527918781726,0
294,36.75,0.921630094044,1
236,26.2222222222,0.768729641694,0
232,25.7777777778,0.760655737705,1
196,19.6,0.715328467153,0
250,35.7142857143,0.853242320819,0
251,50.2,0.886925795053,1
117,11.7,0.48347107438,0
120,30.0,0.857142857143,1
111,15.8571428571,0.495535714286,0
101,101.0,0.918181818182,1
223,22.3,0.750841750842,0
227,75.6666666667,0.908,1
221,22.1,0.729372937294,0
225,32.1428571429,0.806451612903,1
255,42.5,0.838815789474,1
251,35.8571428571,0.812297734628,0
376,41.7777777778,1.23684210526,1
312,31.2,1.10638297872,0
187,18.7,0.647058823529,0
188,62.6666666667,0.843049327354,1
220,22.0,0.738255033557,0
221,110.5,0.84030418251,1
243,30.375,0.799342105263,1
163,16.3,0.68776371308,0
279,39.8571428571,0.9,0
280,70.0,0.921052631579,1
131,13.1,0.555084745763,1
82,8.2,0.436170212766,0
314,52.3333333333,1.02950819672,1
293,32.5555555556,0.930158730159,0
181,22.625,0.589576547231,0
182,91.0,0.846511627907,1
300,37.5,0.952380952381,1
204,20.4,0.725978647687,0
179,17.9,0.61937716263,0
180,60.0,0.909090909091,1
175,17.5,0.591216216216,0
176,44.0,0.94623655914,1
283,35.375,0.927868852459,1
222,22.2,0.768166089965,0
189,18.9,0.651724137931,0
193,32.1666666667,0.722846441948,1
307,38.375,1.01320132013,1
148,14.8,0.954838709677,0
227,25.2222222222,0.739413680782,0
231,46.2,0.796551724138,1
239,34.1428571429,0.788778877888,0
243,40.5,0.867857142857,1
356,89.0,1.15960912052,1
289,32.1111111111,0.953795379538,0
289,48.1666666667,0.944444444444,1
264,37.7142857143,0.865573770492,0
248,41.3333333333,0.81045751634,0
249,31.125,0.803225806452,1
370,92.5,1.1746031746,1
283,31.4444444444,0.912903225806,0
281,40.1428571429,0.88643533123,1
194,19.4,0.751937984496,0
148,14.8,0.596774193548,0
149,149.0,0.955128205128,1
165,16.5,0.527156549521,0
166,55.3333333333,0.728070175439,1
303,75.75,0.983766233766,0
304,101.333333333,1.0,1
358,89.5,1.1737704918,1
217,21.7,0.815789473684,0
235,33.5714285714,0.743670886076,1
210,21.0,0.734265734266,0
177,17.7,0.653136531365,0
178,59.3333333333,0.864077669903,1
257,36.7142857143,0.845394736842,0
258,51.6,0.889655172414,1
249,31.125,0.79552715655,0
252,63.0,0.881118881119,1
241,24.1,0.790163934426,1
218,21.8,0.784172661871,0
191,19.1,0.674911660777,0
194,48.5,0.798353909465,1
262,37.4285714286,0.847896440129,0
263,52.6,0.935943060498,1
227,37.8333333333,0.739413680782,1
103,10.3,0.631901840491,0
225,22.5,0.752508361204,0
226,113.0,0.911290322581,1
318,39.75,1.03246753247,0
319,106.333333333,1.1,1
168,18.6666666667,0.688524590164,0
170,170.0,1.02409638554,1
271,33.875,0.87987012987,1
209,20.9,0.706081081081,0
220,27.5,0.718954248366,0
224,56.0,0.764505119454,1
127,12.7,0.638190954774,0
130,32.5,0.61320754717,1
266,38.0,0.860841423948,1
212,21.2,0.883333333333,0
239,23.9,0.778501628664,0
240,48.0,0.805369127517,1
331,41.375,1.08169934641,1
318,45.4285714286,1.03583061889,0
231,25.6666666667,0.752442996743,1
192,19.2,0.732824427481,0
348,43.5,1.13725490196,1
323,32.3,1.06953642384,0
110,11.0,0.518867924528,0
111,111.0,0.730263157895,1
361,45.125,1.18360655738,1
295,49.1666666667,0.967213114754,0
222,22.2,0.732673267327,0
226,226.0,0.982608695652,1
273,39.0,0.892156862745,1
253,25.3,0.944029850746,0
411,102.75,1.32580645161,1
210,21.0,0.763636363636,0
237,23.7,0.782178217822,0
241,40.1666666667,0.795379537954,1
241,26.7777777778,0.790163934426,0
243,121.5,0.874100719424,1
250,35.7142857143,0.825082508251,1
245,24.5,0.822147651007,0
219,21.9,0.782142857143,0
220,110.0,0.791366906475,1
210,21.0,0.688524590164,0
212,106.0,0.929824561404,1
174,17.4,0.666666666667,0
175,87.5,1.00574712644,1
255,31.875,0.830618892508,0
259,64.75,0.935018050542,1
289,57.8,0.923322683706,1
208,20.8,0.790874524715,0
222,37.0,0.909836065574,1
157,15.7,1.06081081081,0
138,13.8,0.715025906736,0
116,58.0,0.662857142857,1
241,26.7777777778,0.782467532468,1
183,18.3,0.682835820896,0
363,40.3333333333,1.17475728155,1
215,21.5,0.808270676692,0
284,56.8,0.928104575163,1
239,26.5555555556,0.773462783172,0
240,24.0,0.794701986755,0
198,39.6,0.814814814815,1
338,48.2857142857,1.1045751634,1
247,30.875,0.79421221865,0
351,58.5,1.12861736334,1
287,47.8333333333,0.937908496732,0
288,41.1428571429,0.932038834951,0
289,36.125,0.963333333333,1
213,21.3,0.707641196013,1
195,19.5,0.709090909091,0
309,103.0,1.01644736842,0
310,62.0,1.00649350649,1
247,35.2857142857,0.801948051948,1
70,7.0,0.457516339869,0
175,17.5,0.597269624573,1
58,5.8,0.58,0
288,41.1428571429,0.947368421053,0
290,41.4285714286,0.976430976431,1
262,43.6666666667,0.85342019544,1
171,17.1,0.604240282686,0
257,25.7,0.877133105802,0
258,258.0,1.0078125,1
159,15.9,0.567857142857,0
160,80.0,0.808080808081,1
360,72.0,1.17647058824,1
252,25.2,0.940298507463,0
273,45.5,0.883495145631,1
235,23.5,0.793918918919,0
250,27.7777777778,0.814332247557,0
252,84.0,0.875,1
225,22.5,0.730519480519,1
146,14.6,0.598360655738,0
250,27.7777777778,0.8038585209,0
251,62.75,0.909420289855,1
241,26.7777777778,0.772435897436,1
190,19.0,0.67615658363,0
173,43.25,0.905759162304,1
131,13.1,0.685863874346,0
242,30.25,0.790849673203,0
245,40.8333333333,0.803278688525,1
417,69.5,1.34516129032,1
142,14.2,0.601694915254,0
399,66.5,1.29126213592,1
127,12.7,0.721590909091,0
253,25.3,0.824104234528,0
255,42.5,0.858585858586,1
188,31.3333333333,0.614379084967,0
189,47.25,0.718631178707,1
210,21.0,0.681818181818,1
120,12.0,0.521739130435,0
347,69.4,1.12662337662,1
243,34.7142857143,0.783870967742,0
152,19.0,0.710280373832,0
165,55.0,0.850515463918,1
325,81.25,1.04166666667,1
316,35.1111111111,1.02597402597,0
283,47.1666666667,0.915857605178,0
284,94.6666666667,1.06367041199,1
343,68.6,1.09584664537,1
309,30.9,1.0404040404,0
183,22.875,0.618243243243,0
190,95.0,0.808510638298,1
159,19.875,0.987577639752,0
164,18.2222222222,1.04458598726,1
246,35.1428571429,0.796116504854,0
250,35.7142857143,0.819672131148,1
287,28.7,0.956666666667,0
288,72.0,0.944262295082,1
232,25.7777777778,0.763157894737,0
234,46.8,0.8125,1
303,33.6666666667,0.986970684039,0
304,50.6666666667,0.996721311475,1
312,78.0,1.01960784314,0
314,39.25,1.01948051948,1
230,25.5555555556,0.751633986928,0
233,77.6666666667,0.995726495726,1
204,20.4,0.684563758389,0
207,103.5,0.747292418773,1
289,57.8,0.929260450161,1
196,19.6,0.705035971223,0
161,16.1,0.566901408451,0
164,164.0,0.725663716814,1
187,23.375,1.31690140845,0
188,62.6666666667,1.39259259259,1
257,25.7,0.845394736842,1
196,19.6,0.649006622517,0
321,45.8571428571,1.03215434084,0
324,162.0,1.33333333333,1
160,16.0,0.575539568345,0
166,41.5,0.65873015873,1
269,26.9,0.905723905724,0
270,135.0,0.934256055363,1
320,64.0,1.01587301587,1
140,14.0,0.725388601036,0
281,70.25,1.17573221757,1
215,26.875,0.955555555556,0
225,28.125,0.737704918033,0
160,53.3333333333,1.12676056338,1
237,26.3333333333,0.771986970684,1
120,12.0,0.552995391705,0
250,62.5,0.816993464052,1
230,23.0,0.759075907591,0
181,18.1,0.615646258503,0
182,22.75,0.587096774194,1
286,35.75,0.937704918033,0
289,32.1111111111,0.944444444444,1
188,18.8,0.626666666667,0
192,96.0,0.914285714286,1
374,93.5,1.23841059603,1
118,11.8,0.517543859649,0
247,35.2857142857,0.815181518152,0
248,31.0,0.802588996764,1
229,45.8,0.755775577558,0
230,57.5,0.771812080537,1
238,26.4444444444,0.777777777778,0
239,119.5,0.862815884477,1
259,43.1666666667,0.843648208469,1
128,12.8,0.561403508772,0
122,12.2,0.600985221675,0
124,124.0,0.826666666667,1
273,34.125,0.883495145631,1
189,18.9,0.765182186235,0
281,31.2222222222,0.915309446254,1
251,25.1,0.865517241379,0
328,65.6,1.05128205128,0
329,36.5555555556,1.08223684211,1
304,43.4285714286,0.977491961415,1
284,28.4,0.943521594684,0
161,16.1,0.682203389831,0
162,54.0,0.775119617225,1
240,30.0,0.781758957655,0
246,61.5,0.854166666667,1
222,22.2,0.718446601942,0
223,74.3333333333,1.03240740741,1
252,36.0,0.815533980583,0
256,85.3333333333,0.85618729097,1
200,22.2222222222,0.655737704918,0
201,100.5,0.686006825939,1
331,47.2857142857,1.05750798722,1
183,18.3,0.601973684211,0
211,21.1,0.710437710438,1
104,10.4,0.584269662921,0
260,43.3333333333,0.838709677419,1
152,15.2,0.620408163265,0
254,50.8,0.827361563518,1
252,28.0,0.807692307692,0
259,25.9,0.854785478548,0
260,130.0,1.13043478261,1
298,33.1111111111,0.990033222591,1
123,12.3,0.469465648855,0
309,61.8,0.987220447284,0
141,70.5,1.05223880597,1
247,35.2857142857,0.809836065574,1
242,34.5714285714,0.790849673203,0
236,23.6,0.808219178082,0
240,120.0,0.813559322034,1
303,37.875,0.977419354839,1
147,14.7,0.519434628975,0
237,23.7,0.764516129032,0
241,80.3333333333,0.839721254355,1
346,69.2,1.14191419142,0
350,38.8888888889,1.13636363636,1
289,96.3333333333,0.960132890365,0
292,58.4,0.966887417219,1
262,26.2,0.894197952218,0
266,29.5555555556,0.926829268293,1
317,39.625,1.0393442623,1
299,42.7142857143,0.970779220779,0
217,24.1111111111,0.709150326797,0
221,55.25,0.891129032258,1
211,21.1,0.705685618729,0
212,53.0,0.954954954955,1
222,22.2,0.776223776224,1
202,20.2,0.971153846154,0
250,27.7777777778,0.889679715302,1
234,23.4,0.947368421053,0
119,11.9,0.526548672566,0
121,40.3333333333,0.633507853403,1
311,44.4285714286,1.00647249191,1
254,25.4,0.937269372694,0
302,60.4,0.996699669967,1
232,23.2,0.849816849817,0
192,19.2,0.642140468227,0
195,27.8571428571,0.770750988142,1
188,18.8,0.676258992806,0
189,47.25,0.777777777778,1
354,50.5714285714,1.12380952381,1
255,25.5,0.852842809365,0
277,30.7777777778,0.89644012945,1
251,25.1,0.833887043189,0
266,38.0,0.847133757962,1
218,21.8,0.724252491694,0
262,26.2,0.939068100358,1
261,43.5,0.956043956044,0
274,54.8,0.892508143322,1
257,25.7,0.834415584416,0
211,23.4444444444,0.676282051282,1
136,13.6,0.623853211009,0
289,32.1111111111,0.953795379538,1
154,15.4,0.6875,0
254,42.3333333333,0.830065359477,1
222,22.2,0.760273972603,0
145,20.7142857143,0.747422680412,0
138,46.0,0.826347305389,1
288,57.6,0.923076923077,1
178,17.8,0.652014652015,0
270,67.5,0.888157894737,0
273,68.25,1.0073800738,1
303,43.2857142857,0.986970684039,1
256,25.6,0.914285714286,0
260,43.3333333333,0.852459016393,0
261,52.2,0.87,1
217,21.7,0.728187919463,0
220,44.0,0.756013745704,1
128,12.8,0.699453551913,0
130,26.0,0.822784810127,1
294,36.75,0.96393442623,0
295,49.1666666667,0.967213114754,1
158,15.8,0.738317757009,0
165,165.0,1.48648648649,1
252,25.2,0.84,0
253,42.1666666667,0.824104234528,1
253,28.1111111111,0.816129032258,0
254,63.5,0.923636363636,1
365,182.5,1.20860927152,1
275,27.5,1.0147601476,0
103,10.3,0.497584541063,0
104,52.0,1.08333333333,1
245,24.5,0.798045602606,0
246,27.3333333333,0.801302931596,1
223,22.3,0.758503401361,1
118,11.8,0.624338624339,0
241,24.1,0.814189189189,1
232,23.2,0.773333333333,0
349,34.9,1.12944983819,1
99,9.9,0.838983050847,0
307,30.7,1.00326797386,1
228,22.8,0.820143884892,0
291,72.75,0.920886075949,1
283,40.4285714286,0.904153354633,0
247,35.2857142857,0.796774193548,0
251,125.5,1.02448979592,1
173,17.3,0.574750830565,0
179,59.6666666667,0.606779661017,1
225,45.0,0.745033112583,0
226,56.5,0.755852842809,1
198,19.8,0.647058823529,0
199,39.8,0.708185053381,1
270,38.5714285714,0.882352941176,1
256,32.0,0.823151125402,0
188,18.8,0.664310954064,0
191,31.8333333333,0.638795986622,1
324,64.8,1.06229508197,1
199,19.9,0.880530973451,0
292,41.7142857143,0.929936305732,1
200,20.0,0.816326530612,0
315,78.75,1.0396039604,1
290,29.0,0.973154362416,0
363,72.6,1.15974440895,1
249,24.9,0.805825242718,0
238,23.8,0.868613138686,0
202,50.5,1.06878306878,1
200,20.0,0.719424460432,0
200,50.0,0.847457627119,1
247,27.4444444444,0.79421221865,0
251,83.6666666667,0.868512110727,1
299,59.8,0.980327868852,0
301,75.25,1.15325670498,1
256,32.0,0.817891373802,1
235,29.375,0.775577557756,0
317,35.2222222222,1.02258064516,1
283,28.3,0.972508591065,0
348,58.0,1.10828025478,1
133,13.3,0.810975609756,0
221,22.1,0.715210355987,1
208,20.8,0.705084745763,0
183,22.875,0.6,0
185,37.0,1.05714285714,1
263,32.875,0.848387096774,1
134,13.4,0.577586206897,0
171,24.4285714286,0.934426229508,1
166,23.7142857143,0.96511627907,0
269,38.4285714286,0.887788778878,0
270,67.5,0.950704225352,1
227,22.7,0.774744027304,0
231,33.0,0.767441860465,1
112,22.4,0.608695652174,0
125,41.6666666667,1.0,1
332,66.4,1.0641025641,1
265,26.5,0.904436860068,0
244,30.5,0.797385620915,0
247,61.75,0.837288135593,1
348,348.0,1.11538461538,1
187,18.7,0.684981684982,0
137,13.7,0.467576791809,0
141,28.2,0.715736040609,1
269,33.625,0.84858044164,1
148,14.8,0.74,0
268,38.2857142857,0.87012987013,0
270,54.0,0.906040268456,1
280,46.6666666667,0.933333333333,1
146,14.6,0.663636363636,0
223,24.7777777778,0.714743589744,0
224,32.0,0.722580645161,1
242,34.5714285714,0.793442622951,0
243,40.5,0.791530944625,1
171,17.1,0.642857142857,0
177,25.2857142857,0.713709677419,1
160,16.0,0.695652173913,0
164,82.0,0.872340425532,1
154,17.1111111111,0.492012779553,0
155,22.1428571429,0.798969072165,1
339,56.5,1.09708737864,1
210,26.25,0.675241157556,0
257,32.125,0.839869281046,1
236,23.6,0.778877887789,0
315,52.5,1.02941176471,0
317,105.666666667,1.04966887417,1
202,20.2,0.662295081967,0
205,34.1666666667,0.915178571429,1
167,27.8333333333,1.34677419355,1
133,14.7777777778,1.09917355372,0
266,53.2,0.866449511401,1
215,21.5,0.726351351351,0
343,85.75,1.12091503268,1
204,20.4,0.864406779661,0
219,27.375,0.83908045977,1
190,21.1111111111,0.756972111554,0
248,31.0,0.818481848185,1
176,17.6,0.608996539792,0
404,80.8,1.30322580645,1
251,25.1,0.947169811321,0
201,20.1,0.707746478873,0
203,50.75,0.786821705426,1
260,52.0,0.855263157895,0
261,52.2,0.919014084507,1
220,22.0,0.733333333333,0
223,27.875,0.753378378378,1
186,18.6,0.657243816254,0
189,37.8,0.870967741935,1
213,21.3,0.700657894737,0
216,54.0,1.01886792453,1
322,64.4,1.06270627063,1
311,31.1,1.0298013245,0
141,14.1,0.474747474747,0
142,23.6666666667,0.672985781991,1
267,26.7,0.869706840391,1
180,18.0,0.759493670886,0
269,44.8333333333,0.864951768489,1
254,42.3333333333,0.822006472492,0
339,67.8,1.11147540984,1
257,25.7,0.91134751773,0
219,24.3333333333,0.71568627451,1
141,14.1,0.582644628099,0
198,28.2857142857,0.647058823529,1
171,17.1,0.59375,0
372,186.0,1.1625,1
289,28.9,1.02846975089,0
308,44.0,1.00653594771,0
309,103.0,1.11151079137,1
292,36.5,0.954248366013,1
288,36.0,0.935064935065,0
224,24.8888888889,0.720257234727,0
225,225.0,1.19680851064,1
129,12.9,0.575892857143,0
130,43.3333333333,0.65,1
287,57.4,0.953488372093,1
207,20.7,0.844897959184,0
331,41.375,1.06430868167,1
326,32.6,1.08666666667,0
275,68.75,0.901639344262,1
207,20.7,0.790076335878,0
228,22.8,0.747540983607,1
200,25.0,0.881057268722,0
269,29.8888888889,0.873376623377,0
270,54.0,0.906040268456,1
264,29.3333333333,0.862745098039,0
265,33.125,0.892255892256,1
226,22.6,0.743421052632,0
227,75.6666666667,0.780068728522,1
249,35.5714285714,0.811074918567,1
193,19.3,0.667820069204,0
330,41.25,1.03773584906,1
190,19.0,0.88785046729,0
268,26.8,0.884488448845,0
273,136.5,1.14225941423,1
364,52.0,1.16293929712,1
217,21.7,0.923404255319,0
259,25.9,0.851973684211,1
159,15.9,0.679487179487,0
308,51.3333333333,0.996763754045,1
147,14.7,0.671232876712,0
294,32.6666666667,0.954545454545,0
295,49.1666666667,0.948553054662,1
256,32.0,0.83660130719,1
143,14.3,0.674528301887,0
303,50.5,0.983766233766,1
278,27.8,0.955326460481,0
219,21.9,0.752577319588,0
221,73.6666666667,1.16315789474,1
304,101.333333333,0.993464052288,1
254,25.4,0.916967509025,0
292,48.6666666667,0.95737704918,0
296,74.0,0.996632996633,1
270,38.5714285714,0.849056603774,1
244,34.8571428571,0.859154929577,0
126,14.0,0.591549295775,0
129,64.5,0.77245508982,1
311,44.4285714286,0.993610223642,1
171,17.1,0.802816901408,0
300,30.0,0.949367088608,0
301,33.4444444444,0.990131578947,1
237,26.3333333333,0.762057877814,1
204,20.4,0.684563758389,0
211,21.1,0.740350877193,1
204,20.4,0.68,0
201,28.7142857143,0.644230769231,0
202,40.4,0.731884057971,1
343,68.6,1.1064516129,1
335,67.0,1.08064516129,0
319,63.8,1.01592356688,1
273,27.3,0.947916666667,0
299,42.7142857143,0.983552631579,0
304,43.4285714286,1.01333333333,1
229,32.7142857143,0.750819672131,0
232,232.0,1.46835443038,1
209,23.2222222222,0.689768976898,0
211,30.1428571429,0.700996677741,1
329,36.5555555556,1.08580858086,1
179,17.9,0.707509881423,0
258,32.25,0.826923076923,0
262,52.4,0.963235294118,1
296,37.0,0.954838709677,1
185,18.5,0.734126984127,0
213,42.6,0.696078431373,1
140,17.5,0.553359683794,0
213,71.0,0.835294117647,1
210,21.0,0.917030567686,0
244,24.4,0.789644012945,0
245,81.6666666667,0.850694444444,1
274,45.6666666667,0.886731391586,0
276,39.4285714286,0.899022801303,1
226,37.6666666667,0.738562091503,0
227,56.75,0.75415282392,1
260,28.8888888889,0.84142394822,1
231,23.1,0.762376237624,0
302,50.3333333333,0.990163934426,1
193,19.3,0.694244604317,0
290,41.4285714286,0.938511326861,1
243,24.3,0.823728813559,0
301,43.0,0.955555555556,1
263,29.2222222222,0.827044025157,0
309,38.625,1.03,1
245,24.5,0.931558935361,0
231,33.0,0.762376237624,1
135,13.5,0.557851239669,0
255,42.5,0.847176079734,0
260,65.0,0.918727915194,1
266,53.2,0.886666666667,1
238,23.8,0.785478547855,0
317,45.2857142857,0.993730407524,1
112,11.2,0.551724137931,0
285,57.0,0.91054313099,0
289,72.25,0.989726027397,1
270,38.5714285714,0.882352941176,1
210,42.0,0.681818181818,0
154,15.4,0.52027027027,0
157,157.0,1.29752066116,1
232,23.2,0.748387096774,0
236,39.3333333333,0.805460750853,1
265,37.8571428571,0.871710526316,1
227,22.7,0.790940766551,0
263,52.6,0.865131578947,0
266,53.2,0.943262411348,1
206,20.6,0.662379421222,0
210,42.0,0.734265734266,1
246,30.75,0.783439490446,1
152,19.0,0.888888888889,0
261,37.2857142857,0.847402597403,0
265,132.5,1.00378787879,1
315,63.0,1.01612903226,1
260,26.0,0.893470790378,0
233,25.8888888889,0.771523178808,0
236,118.0,0.983333333333,1
274,39.1428571429,0.88961038961,1
223,22.3,0.774305555556,0
317,52.8333333333,1.03594771242,1
256,25.6,0.914285714286,0
251,31.375,0.812297734628,0
255,63.75,0.980769230769,1
211,21.1,0.750889679715,0
212,35.3333333333,0.718644067797,1
183,18.3,0.663043478261,0
186,62.0,0.907317073171,1
195,19.5,0.691489361702,1
108,10.8,0.516746411483,0
152,15.2,0.498360655738,0
156,39.0,0.928571428571,1
292,41.7142857143,0.954248366013,1
268,26.8,0.881578947368,0
247,27.4444444444,0.79421221865,1
225,22.5,0.852272727273,0
331,66.2,1.06774193548,1
119,11.9,0.569377990431,0
307,61.4,1.01655629139,0
309,51.5,1.00324675325,1
279,34.875,0.933110367893,1
164,16.4,0.942528735632,0
337,48.1428571429,1.05974842767,1
306,30.6,1.0,0
186,18.6,0.630508474576,0
188,47.0,0.850678733032,1
288,48.0,0.938110749186,1
252,25.2,0.875,0
130,13.0,0.42904290429,0
131,32.75,0.723756906077,1
202,40.4,0.64126984127,0
204,51.0,0.682274247492,1
249,31.125,0.800643086817,1
146,14.6,0.618644067797,0
175,17.5,0.784753363229,0
176,44.0,0.822429906542,1
418,83.6,1.35275080906,1
265,26.5,0.889261744966,0
246,30.75,0.798701298701,1
175,17.5,0.665399239544,0
310,34.4444444444,1.00323624595,1
233,23.3,0.879245283019,0
211,23.4444444444,0.68954248366,0
213,23.6666666667,0.691558441558,1
277,39.5714285714,0.90522875817,1
235,23.5,0.81881533101,0
269,44.8333333333,0.876221498371,1
221,24.5555555556,0.73178807947,0
299,42.7142857143,0.980327868852,0
304,60.8,1.01672240803,1
103,10.3,0.628048780488,0
107,53.5,0.8359375,1
170,17.0,0.580204778157,0
172,21.5,0.685258964143,1
355,71.0,1.16393442623,1
271,27.1,1.0796812749,0
244,34.8571428571,0.789644012945,0
246,82.0,0.839590443686,1
268,26.8,0.896321070234,0
270,38.5714285714,0.974729241877,1
265,29.4444444444,0.86319218241,1
240,24.0,0.761904761905,0
300,42.8571428571,0.986842105263,1
224,22.4,0.764505119454,0
249,24.9,0.805825242718,1
198,19.8,0.702127659574,0
292,41.7142857143,0.94498381877,1
202,20.2,0.808,0
268,44.6666666667,0.864516129032,1
187,18.7,0.672661870504,0
214,21.4,0.740484429066,0
217,43.4,0.857707509881,1
246,24.6,0.884892086331,1
191,19.1,0.723484848485,0
258,25.8,0.851485148515,1
212,21.2,0.741258741259,0
61,6.1,0.455223880597,0
62,31.0,0.516666666667,1
222,37.0,0.723127035831,0
227,32.4285714286,0.777397260274,1
168,16.8,0.575342465753,0
169,42.25,0.635338345865,1
268,26.8,0.893333333333,1
188,18.8,0.714828897338,0
225,28.125,0.740131578947,0
228,32.5714285714,0.791666666667,1
228,25.3333333333,0.74025974026,0
230,57.5,0.777027027027,1
194,19.4,0.675958188153,0
198,99.0,0.741573033708,1
201,25.125,0.654723127036,1
184,18.4,0.652482269504,0
155,15.5,0.607843137255,0
156,26.0,0.636734693878,1
197,19.7,0.672354948805,0
200,100.0,0.729927007299,1
302,37.75,0.967948717949,1
265,29.4444444444,0.830721003135,0
155,15.5,0.553571428571,0
156,39.0,0.639344262295,1
129,18.4285714286,1.04032258065,1
124,15.5,1.0,0
332,332.0,1.07792207792,1
240,24.0,0.833333333333,0
398,79.6,1.26751592357,1
365,40.5555555556,1.28975265018,0
218,24.2222222222,0.714754098361,1
195,19.5,0.670103092784,0
296,29.6,0.983388704319,0
300,42.8571428571,1.00334448161,1
184,23.0,0.609271523179,0
185,26.4285714286,0.644599303136,1
321,53.5,1.05245901639,1
306,30.6,0.99674267101,0
227,37.8333333333,0.739413680782,0
228,57.0,0.778156996587,1
243,24.3,0.8073089701,1
225,22.5,0.830258302583,0
329,47.0,1.07868852459,1
290,29.0,0.993150684932,0
273,27.3,0.91,1
173,17.3,0.726890756303,0
239,26.5555555556,0.783606557377,0
136,136.0,1.1724137931,1
210,21.0,0.679611650485,0
212,70.6666666667,0.776556776557,1
297,49.5,0.967426710098,1
173,17.3,0.70612244898,0
243,30.375,0.781350482315,1
199,19.9,0.708185053381,0
278,30.8888888889,0.891025641026,0
279,34.875,0.93,1
351,70.2,1.13961038961,1
120,12.0,0.552995391705,0
279,39.8571428571,0.877358490566,1
222,22.2,0.781690140845,0
298,74.5,0.986754966887,0
300,60.0,0.983606557377,1
267,38.1428571429,0.878289473684,1
233,23.3,0.850364963504,0
294,49.0,0.930379746835,1
248,24.8,0.849315068493,0
206,22.8888888889,0.915555555556,0
180,36.0,0.891089108911,1
184,18.4,0.634482758621,0
185,23.125,0.625,1
305,61.0,1.0,1
198,19.8,0.795180722892,0
267,33.375,0.850318471338,0
269,44.8333333333,0.881967213115,1
276,34.5,0.887459807074,0
277,138.5,0.971929824561,1
207,20.7,0.71875,0
211,105.5,0.963470319635,1
232,33.1428571429,0.738853503185,0
233,77.6666666667,0.983122362869,1
280,35.0,0.918032786885,0
282,70.5,0.930693069307,1
118,11.8,0.766233766234,0
119,119.0,1.25263157895,1
162,16.2,0.637795275591,1
146,14.6,0.574803149606,0
272,54.4,0.894736842105,1
257,28.5555555556,0.837133550489,0
174,17.4,0.632727272727,1
171,17.1,0.560655737705,0
271,45.1666666667,0.885620915033,1
208,20.8,0.705084745763,0
172,17.2,0.679841897233,0
173,57.6666666667,0.758771929825,1
178,17.8,0.603389830508,0
180,180.0,0.796460176991,1
200,20.0,0.657894736842,1
174,17.4,0.623655913978,0
208,20.8,0.681967213115,0
211,105.5,0.89029535865,1
218,21.8,0.738983050847,0
224,28.0,0.741721854305,1
152,16.8888888889,0.710280373832,0
129,43.0,0.895833333333,1
216,21.6,0.715231788079,0
217,54.25,0.815789473684,1
133,13.3,0.573275862069,0
134,134.0,1.12605042017,1
323,46.1428571429,1.06600660066,1
254,25.4,0.930402930403,0
168,16.8,0.554455445545,0
170,42.5,0.894736842105,1
339,56.5,1.08306709265,1
319,31.9,1.04934210526,0
85,8.5,0.454545454545,0
90,90.0,0.989010989011,1
300,37.5,0.96463022508,1
207,20.7,0.769516728625,0
236,39.3333333333,0.773770491803,0
237,47.4,0.808873720137,1
224,22.4,0.788732394366,1
157,15.7,0.673819742489,0
220,22.0,0.71661237785,0
221,44.2,0.792114695341,1
255,31.875,0.833333333333,1
162,16.2,0.716814159292,0
283,40.4285714286,0.912903225806,1
221,22.1,0.734219269103,0
67,6.7,0.348958333333,0
68,68.0,0.618181818182,1
251,31.375,0.791798107256,1
184,18.4,0.61744966443,0
234,26.0,0.767213114754,1
167,16.7,0.609489051095,0
142,14.2,0.636771300448,0
146,20.8571428571,0.948051948052,1
303,50.5,0.993442622951,1
223,22.3,0.738410596026,0
212,21.2,0.701986754967,0
213,53.25,0.755319148936,1
259,32.375,0.851973684211,1
191,19.1,0.694545454545,0
156,15.6,0.609375,0
157,19.625,0.872222222222,1
205,22.7777777778,0.667752442997,0
206,29.4285714286,0.666666666667,1
267,26.7,0.872549019608,1
162,16.2,0.625482625483,0
303,37.875,0.993442622951,0
304,43.4285714286,1.00662251656,1
238,34.0,0.762820512821,0
239,79.6666666667,0.829861111111,1
247,41.1666666667,0.801948051948,0
249,62.25,0.954022988506,1
146,14.6,0.523297491039,0
147,73.5,0.68691588785,1
208,20.8,0.722222222222,0
209,23.2222222222,0.718213058419,1
278,55.6,0.893890675241,1
217,21.7,0.750865051903,0
208,20.8,0.688741721854,0
210,52.5,0.833333333333,1
218,24.2222222222,0.71009771987,0
219,31.2857142857,0.842307692308,1
112,11.2,0.51376146789,0
110,18.3333333333,0.738255033557,1
248,41.3333333333,0.805194805195,0
249,49.8,0.83,1
246,27.3333333333,0.796116504854,1
194,19.4,0.734848484848,0
209,20.9,0.661392405063,0
212,70.6666666667,0.929824561404,1
278,55.6,0.908496732026,0
280,93.3333333333,0.955631399317,1
245,27.2222222222,0.795454545455,0
248,41.3333333333,0.802588996764,1
369,73.8,1.20983606557,1
250,25.0,0.93984962406,0
219,31.2857142857,0.708737864078,0
222,55.5,0.787234042553,1
256,28.4444444444,0.828478964401,0
257,85.6666666667,1.01181102362,1
392,78.4,1.26451612903,1
334,33.4,1.20577617329,0
265,37.8571428571,0.86038961039,1
142,23.6666666667,0.713567839196,0
335,67.0,1.09477124183,1
181,30.1666666667,0.688212927757,0
222,22.2,0.752542372881,0
223,111.5,0.952991452991,1
315,78.75,1.02941176471,1
190,19.0,0.855855855856,0
275,34.375,0.875796178344,1
225,25.0,0.765306122449,0
302,33.5555555556,0.971061093248,0
184,26.2857142857,1.14285714286,1
287,35.875,0.925806451613,0
288,36.0,0.972972972973,1
200,20.0,0.694444444444,0
201,67.0,0.75,1
363,90.75,1.16720257235,1
160,16.0,0.879120879121,0
260,37.1428571429,0.836012861736,0
261,87.0,0.932142857143,1
188,18.8,0.650519031142,0
191,63.6666666667,0.694545454545,1
294,42.0,0.96393442623,1
253,25.3,0.851851851852,0
342,38.0,1.12871287129,1
231,23.1,0.895348837209,0
295,42.1428571429,0.936507936508,0
211,105.5,1.13440860215,1
251,25.1,0.833887043189,0
255,63.75,0.844370860927,1
224,24.8888888889,0.720257234727,0
229,229.0,0.946280991736,1
209,20.9,0.692052980132,0
212,23.5555555556,0.721088435374,1
299,29.9,0.973941368078,0
302,50.3333333333,1.02027027027,1
248,31.0,0.815789473684,1
91,9.1,0.511235955056,0
304,50.6666666667,0.993464052288,0
241,60.25,1.22959183673,1
271,30.1111111111,0.882736156352,0
274,34.25,0.883870967742,1
262,32.75,0.859016393443,1
241,24.1,0.82252559727,0
341,37.8888888889,1.11074918567,1
171,17.1,0.673228346457,0
154,17.1111111111,0.506578947368,0
155,31.0,0.640495867769,1
234,23.4,0.785234899329,0
235,33.5714285714,0.979166666667,1
246,35.1428571429,0.806557377049,0
249,62.25,0.83,1
326,108.666666667,1.05161290323,0
329,47.0,1.07166123779,1
261,37.2857142857,0.858552631579,0
189,47.25,1.02717391304,1
302,43.1428571429,0.96178343949,1
192,19.2,0.764940239044,0
128,12.8,0.503937007874,0
129,43.0,1.0,1
44,4.4,0.289473684211,0
49,12.25,0.653333333333,1
232,23.2,0.755700325733,0
212,42.4,0.921739130435,1
285,47.5,0.934426229508,1
158,15.8,0.718181818182,0
258,28.6666666667,0.826923076923,1
249,24.9,0.816393442623,0
193,19.3,0.722846441948,0
195,24.375,0.667808219178,1
250,27.7777777778,0.786163522013,1
92,9.2,0.958333333333,0
354,59.0,1.16447368421,1
242,24.2,0.949019607843,0
186,23.25,0.607843137255,0
188,62.6666666667,1.33333333333,1
213,21.3,0.75,0
214,107.0,1.05418719212,1
281,35.125,0.906451612903,1
239,23.9,0.812925170068,0
242,26.8888888889,0.790849673203,1
226,22.6,0.77397260274,0
282,40.2857142857,0.924590163934,1
220,22.0,0.814814814815,0
288,32.0,0.941176470588,1
133,13.3,0.563559322034,0
259,32.375,0.843648208469,0
238,119.0,1.08675799087,1
262,37.4285714286,0.826498422713,0
264,33.0,0.894915254237,1
247,41.1666666667,1.03347280335,1
144,14.4,0.822857142857,0
281,31.2222222222,0.924342105263,0
283,47.1666666667,0.99298245614,1
143,14.3,0.533582089552,0
147,49.0,0.706730769231,1
248,24.8,0.826666666667,1
158,15.8,0.632,0
350,87.5,1.14754098361,1
347,34.7,1.12297734628,0
225,22.5,0.740131578947,0
227,28.375,0.737012987013,1
299,37.375,0.983552631579,1
278,39.7142857143,0.911475409836,0
252,28.0,0.826229508197,1
165,16.5,0.665322580645,0
166,16.6,0.683127572016,0
169,56.3333333333,0.74449339207,1
162,16.2,0.576512455516,0
166,166.0,0.813725490196,1
284,35.5,0.934210526316,1
78,7.8,0.456140350877,0
243,34.7142857143,0.781350482315,1
169,16.9,0.645038167939,0
136,13.6,0.632558139535,0
140,70.0,0.965517241379,1
241,26.7777777778,0.777419354839,0
244,34.8571428571,0.893772893773,1
238,29.75,0.770226537217,0
242,48.4,0.88,1
131,13.1,0.519841269841,0
132,66.0,0.942857142857,1
304,60.8,0.987012987013,1
229,22.9,0.919678714859,0
284,35.5,0.925081433225,1
238,26.4444444444,0.782894736842,0
254,31.75,0.827361563518,1
74,7.4,0.432748538012,0
347,49.5714285714,1.13770491803,1
203,20.3,0.730215827338,0
231,38.5,0.747572815534,1
130,13.0,0.485074626866,0
329,65.8,1.0578778135,1
256,28.4444444444,0.948148148148,0
219,27.375,0.71335504886,0
222,27.75,0.75,1
152,15.2,0.5,1
133,13.3,0.483636363636,0
115,11.5,0.558252427184,0
119,59.5,0.832167832168,1
138,13.8,0.679802955665,0
140,70.0,0.921052631579,1
266,29.5555555556,0.863636363636,0
179,35.8,0.868932038835,1
299,59.8,0.967637540453,1
292,36.5,0.954248366013,0
187,18.7,0.617161716172,0
189,23.625,0.653979238754,1
323,40.375,1.05555555556,1
301,33.4444444444,0.983660130719,0
306,30.6,0.993506493506,0
307,76.75,1.06968641115,1
254,42.3333333333,0.803797468354,1
185,18.5,0.690298507463,0
194,21.5555555556,0.631921824104,0
197,65.6666666667,0.845493562232,1
143,14.3,0.60593220339,0
147,24.5,0.536496350365,1
315,45.0,1.02605863192,0
321,64.2,1.06291390728,1
216,24.0,0.683544303797,0
220,31.4285714286,0.766550522648,1
151,15.1,0.495081967213,0
154,19.25,0.511627906977,1
170,17.0,0.576271186441,0
172,43.0,0.68253968254,1
124,12.4,0.529914529915,0
125,125.0,1.13636363636,1
200,20.0,0.682593856655,0
201,28.7142857143,0.693103448276,1
294,58.8,0.96393442623,1
258,25.8,0.877551020408,0
250,62.5,0.811688311688,0
254,84.6666666667,0.869863013699,1
294,42.0,0.948387096774,1
252,25.2,0.86301369863,0
285,47.5,0.928338762215,1
134,26.8,0.660098522167,0
232,23.2,0.755700325733,0
235,29.375,0.775577557756,1
253,42.1666666667,0.837748344371,1
125,12.5,0.644329896907,0
359,119.666666667,1.17704918033,1
273,27.3,1.00367647059,0
324,54.0,1.05194805195,1
264,44.0,0.851612903226,0
166,41.5,1.22058823529,1
178,22.25,1.30882352941,0
237,29.625,0.852517985612,0
240,120.0,1.01694915254,1
169,16.9,0.605734767025,0
170,42.5,0.73275862069,1
289,36.125,0.920382165605,1
184,18.4,0.773109243697,0
189,21.0,0.619672131148,1
142,14.2,0.68932038835,0
276,46.0,0.896103896104,1
256,32.0,0.859060402685,0
214,21.4,0.725423728814,0
215,35.8333333333,0.749128919861,1
213,30.4285714286,0.698360655738,1
63,6.3,0.552631578947,0
361,72.2,1.35205992509,1
230,23.0,0.974576271186,0
353,117.666666667,1.44081632653,1
132,14.6666666667,0.543209876543,0
174,17.4,0.59385665529,0
178,178.0,0.972677595628,1
276,27.6,0.910891089109,1
236,23.6,0.858181818182,0
219,27.375,0.704180064309,1
140,14.0,0.576131687243,0
242,24.2,0.798679867987,0
245,61.25,0.907407407407,1
220,22.0,0.780141843972,0
223,55.75,0.906504065041,1
67,6.7,0.413580246914,0
70,70.0,1.02941176471,1
255,28.3333333333,0.83606557377,1
169,16.9,0.572881355932,0
93,9.3,0.404347826087,0
95,95.0,2.4358974359,1
392,65.3333333333,1.22118380062,1
228,22.8,0.802816901408,0
307,51.1666666667,0.987138263666,1
168,16.8,0.724137931034,0
165,16.5,0.66,0
171,57.0,1.00588235294,1
233,23.3,0.958847736626,1
163,20.375,0.646825396825,0
260,37.1428571429,0.849673202614,1
130,13.0,0.607476635514,0
260,28.8888888889,0.833333333333,0
264,29.3333333333,0.865573770492,1
230,23.0,0.751633986928,0
233,38.8333333333,0.776666666667,1
290,36.25,0.923566878981,1
161,16.1,0.755868544601,0
91,9.1,0.471502590674,0
92,92.0,1.10843373494,1
320,80.0,1.04575163399,0
321,107.0,1.42666666667,1
312,78.0,1.01628664495,1
186,18.6,0.735177865613,0
209,20.9,0.73851590106,0
212,42.4,0.721088435374,1
439,219.5,1.4393442623,1
291,41.5714285714,0.932692307692,0
117,11.7,0.692307692308,0
118,118.0,2.10714285714,1
332,47.4285714286,1.07792207792,1
122,12.2,0.53982300885,0
83,8.3,0.584507042254,0
85,85.0,0.934065934066,1
285,40.7142857143,0.913461538462,0
286,47.6666666667,0.959731543624,1
271,33.875,0.891447368421,1
176,17.6,0.775330396476,0
302,33.5555555556,0.980519480519,1
248,24.8,0.876325088339,0
211,21.1,0.737762237762,0
213,35.5,0.717171717172,1
250,25.0,0.836120401338,0
251,125.5,1.0329218107,1
203,22.5555555556,0.692832764505,0
212,70.6666666667,0.861788617886,1
281,56.2,1.05243445693,0
299,49.8333333333,1.14122137405,1
330,55.0,1.08910891089,1
271,27.1,0.909395973154,0
260,26.0,0.833333333333,0
261,37.2857142857,0.867109634551,1
236,23.6,0.839857651246,0
237,47.4,0.861818181818,1
210,21.0,0.679611650485,0
211,23.4444444444,0.685064935065,1
151,15.1,0.755,0
152,16.8888888889,1.04109589041,1
206,20.6,0.715277777778,0
208,41.6,0.787878787879,1
302,50.3333333333,0.990163934426,1
215,21.5,0.773381294964,0
237,23.7,0.79,0
238,119.0,1.03930131004,1
363,72.6,1.18241042345,1
194,19.4,0.788617886179,0
102,10.2,0.517766497462,0
104,104.0,0.920353982301,1
243,27.0,0.80198019802,0
244,81.3333333333,0.995918367347,1
203,22.5555555556,0.661237785016,1
112,12.4444444444,0.910569105691,0
256,42.6666666667,0.844884488449,1
135,13.5,0.6,0
254,31.75,0.811501597444,1
177,17.7,0.634408602151,0
306,51.0,0.993506493506,1
222,22.2,0.747474747475,0
323,35.8888888889,1.04193548387,1
295,42.1428571429,0.970394736842,0
209,20.9,0.696666666667,1
200,20.0,0.671140939597,0
195,19.5,0.661016949153,0
198,66.0,0.864628820961,1
318,45.4285714286,0.984520123839,1
260,32.5,0.84142394822,0
241,26.7777777778,0.782467532468,1
187,18.7,0.653846153846,0
119,39.6666666667,0.664804469274,1
96,9.6,0.627450980392,0
272,30.2222222222,0.883116883117,0
153,51.0,0.974522292994,1
288,28.8,0.953642384106,1
88,8.8,0.483516483516,0
67,6.7,0.452702702703,0
73,73.0,0.973333333333,1
385,55.0,1.25816993464,1
246,49.2,0.801302931596,0
298,29.8,0.980263157895,1
249,24.9,0.84693877551,0
161,16.1,0.516025641026,0
165,27.5,0.970588235294,1
69,6.9,0.472602739726,0
72,72.0,1.38461538462,1
267,38.1428571429,0.875409836066,0
268,44.6666666667,0.953736654804,1
212,21.2,0.751773049645,0
214,23.7777777778,0.706270627063,1
186,26.5714285714,1.12727272727,0
159,39.75,1.17777777778,1
245,30.625,0.803278688525,0
249,27.6666666667,0.819078947368,1
300,60.0,0.983606557377,1
283,28.3,0.940199335548,0
270,54.0,0.921501706485,0
201,201.0,1.38620689655,1
183,20.3333333333,0.601973684211,0
187,26.7142857143,0.69776119403,1
265,26.5,0.857605177994,1
162,18.0,0.9,0
261,32.625,0.852941176471,0
264,33.0,0.868421052632,1
120,12.0,0.489795918367,0
121,30.25,0.584541062802,1
276,30.6666666667,0.896103896104,1
215,21.5,0.817490494297,0
324,54.0,1.05194805195,1
242,30.25,1.00414937759,0
286,40.8571428571,0.928571428571,1
145,14.5,0.710784313725,0
232,29.0,0.741214057508,1
195,19.5,0.663265306122,0
144,14.4,0.553846153846,0
145,145.0,0.775401069519,1
438,87.6,1.41747572816,1
224,22.4,1.01818181818,0
295,49.1666666667,0.960912052117,0
296,42.2857142857,0.989966555184,1
322,64.4,1.06270627063,1
129,12.9,0.664948453608,0
138,13.8,0.669902912621,0
139,139.0,1.06923076923,1
149,14.9,0.547794117647,0
153,51.0,0.784615384615,1
329,54.8333333333,1.06818181818,1
250,25.0,0.902527075812,0
146,14.6,0.485049833887,0
147,73.5,0.735,1
183,18.3,0.644366197183,0
187,62.3333333333,0.85,1
138,13.8,0.602620087336,0
139,15.4444444444,0.62331838565,1
303,60.6,0.993442622951,1
298,42.5714285714,0.964401294498,0
167,16.7,0.571917808219,0
169,18.7777777778,0.771689497717,1
278,34.75,0.917491749175,1
166,16.6,0.680327868852,0
226,22.6,0.733766233766,0
232,77.3333333333,0.875471698113,1
301,33.4444444444,0.993399339934,1
269,26.9,0.92439862543,0
341,56.8333333333,1.1,1
195,21.6666666667,0.663265306122,0
175,19.4444444444,0.829383886256,0
163,40.75,0.791262135922,1
337,84.25,1.10855263158,1
181,20.1111111111,0.580128205128,0
286,35.75,0.943894389439,0
288,41.1428571429,0.963210702341,1
249,31.125,0.811074918567,1
210,21.0,0.739436619718,0
274,45.6666666667,0.895424836601,0
275,30.5555555556,0.88141025641,1
160,16.0,0.677966101695,0
161,40.25,0.72197309417,1
282,35.25,0.924590163934,1
281,46.8333333333,0.903536977492,0
321,53.5,1.03883495146,1
197,19.7,0.763565891473,0
223,27.875,0.705696202532,0
205,22.7777777778,0.80078125,1
231,23.1,0.752442996743,1
170,17.0,0.717299578059,0
358,71.6,1.16233766234,1
129,12.9,0.777108433735,0
